PageValues_convert,Browser,Weekend,0.0672144558875947
Weekend,Browser,VisitorType,0.10019029054372919
Region,Browser,AvgAdministrative_convert,0.05619465764553178
BounceRates_convert,Weekend,ExitRates_convert,0.05169836679242528
Month,Region,Weekend,0.0322228071261254
SpecialDay,VisitorType,AvgAdministrative_convert,0.03912070494212726
PageValues_convert,VisitorType,TrafficType_convert,0.11644266710301988
Weekend,Month,OperatingSystems,0.1005559839914335
Weekend,VisitorType,BounceRates_convert,0.0771086996973339
AvgProductRelated_convert,Month,TrafficType_convert,0.1500402731044428
Weekend,AvgProductRelated_convert,Revenue,0.051468133358588505
Region,AvgInformational_convert,AvgProductRelated_convert,0.0804742344508591
Browser,VisitorType,AvgAdministrative_convert,0.0583792742767109
Weekend,BounceRates_convert,AvgInformational_convert,0.050251291365560134
Month,VisitorType,PageValues_convert,0.051759191763357866
ExitRates_convert,OperatingSystems,Browser,0.26908779428796503
Revenue,Month,TrafficType_convert,0.14035486572653233
Region,SpecialDay,Revenue,0.06375654358669015
AvgProductRelated_convert,PageValues_convert,Revenue,0.2854113414988668
ExitRates_convert,PageValues_convert,TrafficType_convert,0.033811244349242556
AvgProductRelated_convert,VisitorType,PageValues_convert,0.06534574233666007
OperatingSystems,ExitRates_convert,AvgProductRelated_convert,0.17299859151307223
OperatingSystems,VisitorType,ExitRates_convert,0.0975827093211728
Revenue,PageValues_convert,AvgProductRelated_convert,0.060998966459294354
AvgProductRelated_convert,Region,Weekend,0.04099391943719041
Weekend,TrafficType_convert,AvgInformational_convert,0.04370425293125772
AvgAdministrative_convert,SpecialDay,ExitRates_convert,0.09250420201379916
OperatingSystems,SpecialDay,Month,0.15738264660704684
Revenue,OperatingSystems,AvgAdministrative_convert,0.05133958197156322
AvgAdministrative_convert,OperatingSystems,Weekend,0.08224745110064308
AvgInformational_convert,Browser,AvgProductRelated_convert,0.0827612584393074
SpecialDay,VisitorType,ExitRates_convert,0.07489261691078725
Region,Weekend,ExitRates_convert,0.04028865611720885
AvgProductRelated_convert,BounceRates_convert,AvgAdministrative_convert,0.07243698602320049
ExitRates_convert,Region,Revenue,0.03012225483560926
TrafficType_convert,ExitRates_convert,AvgInformational_convert,0.0742320420867382
BounceRates_convert,AvgAdministrative_convert,AvgInformational_convert,0.03336257479324273
BounceRates_convert,VisitorType,AvgInformational_convert,0.035784368161662646
Weekend,OperatingSystems,Region,0.10182339532120407
VisitorType,ExitRates_convert,PageValues_convert,0.12512050898000696
AvgInformational_convert,ExitRates_convert,PageValues_convert,0.08875040542721875
OperatingSystems,Browser,Weekend,0.05284138090641475
Weekend,SpecialDay,OperatingSystems,0.046242396523517804
ExitRates_convert,Month,Browser,0.11012816157777905
TrafficType_convert,SpecialDay,VisitorType,0.06447788715224748
Month,BounceRates_convert,ExitRates_convert,0.3799641586399466
Browser,SpecialDay,AvgInformational_convert,0.046999685285127456
Month,ExitRates_convert,Revenue,0.09392786067091136
Weekend,ExitRates_convert,AvgProductRelated_convert,0.16698050592459526
OperatingSystems,Browser,BounceRates_convert,0.051219899413329426
BounceRates_convert,Region,Weekend,0.04769890629036954
Region,Month,OperatingSystems,0.09159293203111278
PageValues_convert,OperatingSystems,AvgAdministrative_convert,0.06632188037061451
Month,SpecialDay,Region,0.01327853833353733
OperatingSystems,Month,VisitorType,0.08669163653301158
Revenue,Browser,AvgAdministrative_convert,0.04868785773148819
Region,ExitRates_convert,AvgProductRelated_convert,0.17342134033458256
AvgProductRelated_convert,Browser,VisitorType,0.10926612844724436
AvgProductRelated_convert,BounceRates_convert,AvgInformational_convert,0.0494110365514171
Weekend,TrafficType_convert,Revenue,0.05190305814308677
Region,Weekend,Revenue,0.01843571022404251
SpecialDay,Month,AvgInformational_convert,0.025683955957986393
BounceRates_convert,OperatingSystems,ExitRates_convert,0.10055062102657063
TrafficType_convert,Region,Weekend,0.03649279368904883
PageValues_convert,VisitorType,ExitRates_convert,0.10319179999240771
AvgInformational_convert,Browser,Weekend,0.06319678011082136
OperatingSystems,SpecialDay,Weekend,0.13025129576120972
Revenue,SpecialDay,Weekend,0.153695563022194
Region,VisitorType,ExitRates_convert,0.12756558982426994
VisitorType,Month,ExitRates_convert,0.06344033739605054
Revenue,SpecialDay,Browser,0.031467576724178804
Revenue,SpecialDay,AvgAdministrative_convert,0.03269148290338984
Browser,ExitRates_convert,AvgProductRelated_convert,0.16936956829691194
SpecialDay,OperatingSystems,VisitorType,0.0684724542243784
Browser,SpecialDay,Weekend,0.11209861897688683
SpecialDay,Month,Browser,0.045270084679335916
Month,VisitorType,Revenue,0.04214559623988377
SpecialDay,Region,Weekend,0.009922238547817817
OperatingSystems,BounceRates_convert,ExitRates_convert,0.2742855144637876
AvgAdministrative_convert,OperatingSystems,VisitorType,0.1493377683815456
VisitorType,Region,Weekend,0.04888317024551697
Browser,SpecialDay,Month,0.15146797764099648
Month,AvgInformational_convert,AvgProductRelated_convert,0.08327948728699122
Revenue,Browser,ExitRates_convert,0.0698063404307594
Region,Month,ExitRates_convert,0.07296415798619706
Revenue,BounceRates_convert,AvgInformational_convert,0.045332069379627596
Revenue,Region,Weekend,0.016560334787497633
Month,OperatingSystems,TrafficType_convert,0.11094356667161137
Revenue,OperatingSystems,BounceRates_convert,0.09734999950927037
SpecialDay,Month,BounceRates_convert,0.02992620940575514
SpecialDay,Month,TrafficType_convert,0.05951499338053014
Revenue,OperatingSystems,TrafficType_convert,0.13472691102037862
Revenue,BounceRates_convert,AvgAdministrative_convert,0.06457680581343214
TrafficType_convert,ExitRates_convert,AvgProductRelated_convert,0.18545748701972709
Browser,BounceRates_convert,AvgProductRelated_convert,0.16005658187612312
ExitRates_convert,VisitorType,TrafficType_convert,0.08152075861766589
OperatingSystems,Browser,TrafficType_convert,0.10036519701570168
OperatingSystems,VisitorType,PageValues_convert,0.0554105534755308
Month,Region,Revenue,0.03415975157290657
ExitRates_convert,Month,Revenue,0.06653477189088824
SpecialDay,OperatingSystems,TrafficType_convert,0.15269151822823512
Region,SpecialDay,ExitRates_convert,0.10801582250017702
TrafficType_convert,Browser,Weekend,0.062263257579207906
Revenue,AvgInformational_convert,AvgProductRelated_convert,0.05347913033747756
Revenue,Browser,AvgInformational_convert,0.038128713824834924
Weekend,OperatingSystems,AvgInformational_convert,0.037208914518748554
Region,SpecialDay,TrafficType_convert,0.10267740404980827
OperatingSystems,Browser,Region,0.08423661873367218
VisitorType,BounceRates_convert,Revenue,0.09123451369575544
TrafficType_convert,BounceRates_convert,Revenue,0.08282178908167706
ExitRates_convert,VisitorType,AvgProductRelated_convert,0.026598592332251317
Month,SpecialDay,AvgAdministrative_convert,0.01775441960958698
ExitRates_convert,Month,PageValues_convert,0.03054311317461192
AvgInformational_convert,Region,Weekend,0.048183846855415595
Weekend,Browser,BounceRates_convert,0.04386022279101169
ExitRates_convert,AvgProductRelated_convert,Revenue,0.028759759268364583
TrafficType_convert,Browser,VisitorType,0.08672848755704433
PageValues_convert,Region,BounceRates_convert,0.031147024364697733
ExitRates_convert,OperatingSystems,Weekend,0.06949687078331526
PageValues_convert,Month,Browser,0.10989161048414127
SpecialDay,OperatingSystems,Browser,0.2368093248413976
BounceRates_convert,Region,VisitorType,0.09676822282067502
VisitorType,Weekend,AvgInformational_convert,0.039268341066392556
OperatingSystems,SpecialDay,VisitorType,0.07380029022228525
Browser,OperatingSystems,PageValues_convert,0.03489487466049071
Browser,OperatingSystems,AvgAdministrative_convert,0.03685386918113656
PageValues_convert,OperatingSystems,ExitRates_convert,0.06403959874595848
SpecialDay,OperatingSystems,ExitRates_convert,0.10197806102728434
Month,OperatingSystems,BounceRates_convert,0.11089652198646258
AvgInformational_convert,VisitorType,ExitRates_convert,0.10662146984606677
VisitorType,Month,OperatingSystems,0.0849079162223582
VisitorType,Month,Weekend,0.02790372388233149
Browser,VisitorType,AvgInformational_convert,0.036714379618465076
Weekend,OperatingSystems,AvgAdministrative_convert,0.05384118972492886
AvgProductRelated_convert,VisitorType,AvgInformational_convert,0.03854292913602357
Revenue,ExitRates_convert,AvgInformational_convert,0.053026966958668584
Region,SpecialDay,BounceRates_convert,0.08313243875125562
OperatingSystems,VisitorType,BounceRates_convert,0.05680198911992235
Month,VisitorType,Weekend,0.029035071879934704
Revenue,Weekend,TrafficType_convert,0.040968403295769604
AvgInformational_convert,ExitRates_convert,AvgAdministrative_convert,0.08023594440309584
AvgAdministrative_convert,ExitRates_convert,Revenue,0.08072799798261392
TrafficType_convert,OperatingSystems,ExitRates_convert,0.10494242232891028
TrafficType_convert,AvgInformational_convert,AvgProductRelated_convert,0.06824238496578633
AvgInformational_convert,OperatingSystems,ExitRates_convert,0.07337426134736676
SpecialDay,OperatingSystems,BounceRates_convert,0.10257052892670118
Region,OperatingSystems,VisitorType,0.08727012224465565
TrafficType_convert,Month,VisitorType,0.09667158290207778
OperatingSystems,SpecialDay,Revenue,0.06543810949548726
VisitorType,BounceRates_convert,ExitRates_convert,0.3290271891651495
SpecialDay,Browser,Revenue,0.034642403323227176
AvgProductRelated_convert,BounceRates_convert,Revenue,0.07289646269006873
TrafficType_convert,Browser,AvgAdministrative_convert,0.06561319171702454
Revenue,Month,Weekend,0.02666223516590916
AvgProductRelated_convert,BounceRates_convert,PageValues_convert,0.06195216344205123
SpecialDay,BounceRates_convert,Revenue,0.06022534819057805
AvgAdministrative_convert,BounceRates_convert,AvgProductRelated_convert,0.1064682511870909
AvgProductRelated_convert,SpecialDay,AvgInformational_convert,0.043737874402428774
Weekend,BounceRates_convert,ExitRates_convert,0.36653089783346304
ExitRates_convert,SpecialDay,Weekend,0.15445554372124543
ExitRates_convert,BounceRates_convert,AvgAdministrative_convert,0.04833676725936908
AvgProductRelated_convert,Region,Revenue,0.036746230542845155
Region,SpecialDay,Month,0.21777267639812098
VisitorType,SpecialDay,AvgProductRelated_convert,0.03312317592041244
Revenue,Weekend,AvgAdministrative_convert,0.01791897788103644
AvgAdministrative_convert,SpecialDay,BounceRates_convert,0.0535829966475746
Revenue,Month,AvgProductRelated_convert,0.04936063973044644
PageValues_convert,SpecialDay,TrafficType_convert,0.11312188720281523
AvgAdministrative_convert,Weekend,AvgProductRelated_convert,0.04905535941976378
Region,ExitRates_convert,TrafficType_convert,0.09718505803424415
AvgAdministrative_convert,Browser,VisitorType,0.13273225882369577
Revenue,SpecialDay,Region,0.046640317902212965
ExitRates_convert,Browser,AvgProductRelated_convert,0.07301222483561595
Revenue,VisitorType,AvgAdministrative_convert,0.035373811954811075
Weekend,PageValues_convert,AvgProductRelated_convert,0.06398518847234892
ExitRates_convert,Weekend,BounceRates_convert,0.04614673892742907
Browser,OperatingSystems,Region,0.05749554436054695
AvgInformational_convert,VisitorType,TrafficType_convert,0.07964637833102589
VisitorType,Weekend,ExitRates_convert,0.038522193745605456
VisitorType,BounceRates_convert,AvgProductRelated_convert,0.1748073052360444
VisitorType,Region,AvgInformational_convert,0.045350894990562024
AvgProductRelated_convert,OperatingSystems,TrafficType_convert,0.1317745897931114
Revenue,Region,PageValues_convert,0.028854386956067735
Month,VisitorType,TrafficType_convert,0.06867690872796402
Weekend,OperatingSystems,BounceRates_convert,0.08169814767072746
Month,OperatingSystems,Browser,0.24199379947030436
Weekend,Browser,Revenue,0.03946761090054284
AvgInformational_convert,SpecialDay,Weekend,0.14925695022375904
VisitorType,Month,AvgAdministrative_convert,0.04259594229895234
VisitorType,ExitRates_convert,Revenue,0.11873080288222299
BounceRates_convert,Region,AvgInformational_convert,0.02171170043559853
AvgAdministrative_convert,VisitorType,BounceRates_convert,0.05410614790342021
ExitRates_convert,Region,Weekend,0.03388017358422038
Browser,VisitorType,PageValues_convert,0.06504560379625982
PageValues_convert,Month,VisitorType,0.10503225243689641
AvgAdministrative_convert,BounceRates_convert,ExitRates_convert,0.25927531554585803
Weekend,ExitRates_convert,AvgInformational_convert,0.06798126256896644
AvgAdministrative_convert,Region,VisitorType,0.10440848879798131
VisitorType,TrafficType_convert,Revenue,0.07088741490648434
AvgInformational_convert,BounceRates_convert,AvgProductRelated_convert,0.050686136133377434
Month,Browser,Weekend,0.06719651153936977
Revenue,Weekend,PageValues_convert,0.013461832079028208
PageValues_convert,Region,VisitorType,0.10303286147284567
AvgProductRelated_convert,TrafficType_convert,Revenue,0.049373733796586806
SpecialDay,Browser,AvgAdministrative_convert,0.07121652610678006
Region,SpecialDay,Weekend,0.15434760791354657
PageValues_convert,Month,ExitRates_convert,0.07143018128757447
Region,VisitorType,BounceRates_convert,0.07984472713676785
TrafficType_convert,OperatingSystems,VisitorType,0.09650394632894622
Region,ExitRates_convert,PageValues_convert,0.1033746808678527
VisitorType,PageValues_convert,AvgInformational_convert,0.042090400972323486
Weekend,OperatingSystems,ExitRates_convert,0.09532745163783288
ExitRates_convert,Weekend,Revenue,0.027341721685672758
Browser,AvgAdministrative_convert,AvgInformational_convert,0.06593418617623187
VisitorType,Weekend,AvgAdministrative_convert,0.02631428756126066
SpecialDay,Month,Weekend,0.046020503624492407
AvgAdministrative_convert,OperatingSystems,Region,0.12527764810960834
Month,Browser,Revenue,0.047374161330866776
TrafficType_convert,Weekend,AvgProductRelated_convert,0.04683429498405241
Month,AvgProductRelated_convert,Revenue,0.06959511628986956
SpecialDay,OperatingSystems,Region,0.11378096187604893
Browser,OperatingSystems,Revenue,0.04282543347737441
PageValues_convert,AvgAdministrative_convert,AvgInformational_convert,0.07517838578685114
TrafficType_convert,ExitRates_convert,Revenue,0.11213156212447181
Weekend,ExitRates_convert,TrafficType_convert,0.07336132962584782
Month,ExitRates_convert,AvgAdministrative_convert,0.09242974914817934
AvgAdministrative_convert,SpecialDay,TrafficType_convert,0.10366316603506065
AvgInformational_convert,VisitorType,BounceRates_convert,0.0563456998118623
VisitorType,Month,Browser,0.08981109863128048
Weekend,AvgAdministrative_convert,AvgInformational_convert,0.062325356771566656
TrafficType_convert,VisitorType,BounceRates_convert,0.08642258213666687
Browser,PageValues_convert,Revenue,0.25339496902978514
Weekend,Region,AvgProductRelated_convert,0.024057317445806956
OperatingSystems,VisitorType,AvgInformational_convert,0.03552458296771492
VisitorType,ExitRates_convert,TrafficType_convert,0.11136639510349688
Weekend,SpecialDay,ExitRates_convert,0.06359500446864372
ExitRates_convert,Browser,AvgInformational_convert,0.024149239152423976
AvgInformational_convert,Weekend,BounceRates_convert,0.019447867907142757
AvgAdministrative_convert,Region,Revenue,0.03703284412871674
ExitRates_convert,VisitorType,Weekend,0.03462067588897738
SpecialDay,Month,AvgProductRelated_convert,0.03767145332640511
OperatingSystems,BounceRates_convert,AvgInformational_convert,0.05409097478029139
Weekend,SpecialDay,Revenue,0.038449723457368204
Weekend,SpecialDay,BounceRates_convert,0.05751161855471679
TrafficType_convert,BounceRates_convert,ExitRates_convert,0.36644942298998895
TrafficType_convert,SpecialDay,PageValues_convert,0.03668110146622127
AvgInformational_convert,OperatingSystems,Weekend,0.06116446409649293
TrafficType_convert,VisitorType,AvgAdministrative_convert,0.05898439097979543
PageValues_convert,OperatingSystems,BounceRates_convert,0.053945157870710955
AvgProductRelated_convert,OperatingSystems,ExitRates_convert,0.09561612827392126
Revenue,OperatingSystems,Browser,0.326135932919188
Weekend,Month,VisitorType,0.0944505685531233
PageValues_convert,Browser,Region,0.10407221124525096
AvgInformational_convert,Month,Browser,0.11338636003517136
Month,Weekend,AvgAdministrative_convert,0.04561518029924785
AvgAdministrative_convert,ExitRates_convert,AvgInformational_convert,0.06566930460394296
BounceRates_convert,ExitRates_convert,AvgProductRelated_convert,0.16669830897228205
BounceRates_convert,PageValues_convert,TrafficType_convert,0.03827549657237133
Browser,SpecialDay,AvgAdministrative_convert,0.0454591106209201
Weekend,Month,TrafficType_convert,0.12808322444396142
Weekend,Month,BounceRates_convert,0.05323824580350213
AvgProductRelated_convert,Weekend,AvgAdministrative_convert,0.04513176547183317
Weekend,Region,ExitRates_convert,0.028273571432768034
TrafficType_convert,VisitorType,AvgInformational_convert,0.048655891271551906
PageValues_convert,Browser,BounceRates_convert,0.03362606768529401
OperatingSystems,ExitRates_convert,PageValues_convert,0.08582184317036715
Browser,OperatingSystems,VisitorType,0.057538270813337705
Browser,AvgInformational_convert,AvgProductRelated_convert,0.06243778563752904
VisitorType,Browser,AvgProductRelated_convert,0.07553592111189386
PageValues_convert,ExitRates_convert,AvgAdministrative_convert,0.05624750243085229
Month,OperatingSystems,VisitorType,0.07114693025561139
SpecialDay,BounceRates_convert,PageValues_convert,0.06659639295720857
Weekend,Month,Browser,0.0887700174351563
Month,ExitRates_convert,AvgInformational_convert,0.08725191181715417
BounceRates_convert,Month,AvgInformational_convert,0.02192553704793222
Region,BounceRates_convert,TrafficType_convert,0.1076356749811928
SpecialDay,BounceRates_convert,AvgProductRelated_convert,0.19617226923485845
Revenue,OperatingSystems,AvgInformational_convert,0.04110582685139883
Weekend,BounceRates_convert,AvgProductRelated_convert,0.1511762831363035
Region,VisitorType,AvgInformational_convert,0.04436912075766983
AvgInformational_convert,Region,BounceRates_convert,0.02700079958813707
Weekend,Month,PageValues_convert,0.03166086586444653
AvgInformational_convert,BounceRates_convert,AvgAdministrative_convert,0.0354498816876289
Weekend,Region,VisitorType,0.06368412797579699
TrafficType_convert,VisitorType,Weekend,0.051125752446903525
ExitRates_convert,AvgAdministrative_convert,AvgProductRelated_convert,0.04849575558032967
VisitorType,SpecialDay,Region,0.023421584754434722
VisitorType,Browser,TrafficType_convert,0.1615770648200316
AvgProductRelated_convert,VisitorType,ExitRates_convert,0.10297184149141567
SpecialDay,Month,ExitRates_convert,0.029944376530018867
ExitRates_convert,SpecialDay,Revenue,0.02935233451709967
Month,VisitorType,ExitRates_convert,0.1089904883059286
Weekend,AvgAdministrative_convert,TrafficType_convert,0.029959584298665014
SpecialDay,AvgProductRelated_convert,Revenue,0.07989732302048479
BounceRates_convert,OperatingSystems,Browser,0.27002099088888015
Region,BounceRates_convert,PageValues_convert,0.06497419158237507
Revenue,SpecialDay,AvgInformational_convert,0.027922760607063665
AvgAdministrative_convert,Month,Browser,0.11315537646445384
TrafficType_convert,ExitRates_convert,PageValues_convert,0.09346366639584731
Weekend,SpecialDay,Browser,0.02648238808682465
BounceRates_convert,OperatingSystems,AvgInformational_convert,0.03430780619669387
Month,SpecialDay,AvgInformational_convert,0.016271723937281275
OperatingSystems,Region,VisitorType,0.09316931356320068
Weekend,OperatingSystems,VisitorType,0.10769572721457582
OperatingSystems,Month,AvgInformational_convert,0.04818958460883664
Region,OperatingSystems,TrafficType_convert,0.1169585134402352
AvgInformational_convert,BounceRates_convert,ExitRates_convert,0.14068253045199447
ExitRates_convert,Month,VisitorType,0.07635707633130448
AvgInformational_convert,VisitorType,Weekend,0.04112137725537629
Weekend,SpecialDay,TrafficType_convert,0.06507727155440199
Browser,TrafficType_convert,Revenue,0.07090671152751866
VisitorType,AvgInformational_convert,AvgProductRelated_convert,0.06774401429270767
Revenue,Weekend,AvgInformational_convert,0.023525489289469126
Browser,SpecialDay,Revenue,0.0481826202793878
Month,ExitRates_convert,TrafficType_convert,0.10737021474740917
BounceRates_convert,PageValues_convert,Revenue,0.1269054561286407
Revenue,VisitorType,ExitRates_convert,0.10562425703382092
AvgProductRelated_convert,ExitRates_convert,TrafficType_convert,0.1069053505891171
Weekend,Region,Revenue,0.012927547605714042
AvgInformational_convert,Region,VisitorType,0.08450211244824585
OperatingSystems,AvgAdministrative_convert,AvgInformational_convert,0.0580947744684706
AvgProductRelated_convert,OperatingSystems,Region,0.10379049554925063
Weekend,Month,ExitRates_convert,0.059529490794558895
SpecialDay,Month,Region,0.03139941615974072
TrafficType_convert,OperatingSystems,PageValues_convert,0.054358073171940524
BounceRates_convert,SpecialDay,PageValues_convert,0.021336555049348005
AvgInformational_convert,OperatingSystems,Revenue,0.04816063030914939
Weekend,Browser,PageValues_convert,0.03371020535064309
PageValues_convert,SpecialDay,ExitRates_convert,0.07618235958818236
BounceRates_convert,Weekend,AvgInformational_convert,0.011763412804473754
PageValues_convert,AvgProductRelated_convert,Revenue,0.05885350472178315
TrafficType_convert,Browser,AvgInformational_convert,0.04858769029732714
PageValues_convert,BounceRates_convert,ExitRates_convert,0.18239549891140033
Revenue,Month,AvgAdministrative_convert,0.03287909772763313
Month,OperatingSystems,Region,0.08926934587049823
Month,PageValues_convert,Revenue,0.2836160988408716
ExitRates_convert,VisitorType,AvgInformational_convert,0.015286077142179434
TrafficType_convert,AvgAdministrative_convert,AvgInformational_convert,0.059003841642392335
AvgInformational_convert,OperatingSystems,Browser,0.22074320052322766
AvgInformational_convert,Weekend,AvgAdministrative_convert,0.03883567241457739
Revenue,PageValues_convert,TrafficType_convert,0.048684854983184214
Month,Browser,AvgAdministrative_convert,0.07107679630093595
Browser,ExitRates_convert,AvgAdministrative_convert,0.09739268741135243
VisitorType,AvgInformational_convert,Revenue,0.053282101063458515
AvgAdministrative_convert,BounceRates_convert,TrafficType_convert,0.10788975677368928
OperatingSystems,BounceRates_convert,AvgAdministrative_convert,0.07088276961232312
OperatingSystems,PageValues_convert,AvgInformational_convert,0.03777217661527749
BounceRates_convert,Browser,AvgInformational_convert,0.027361786820655352
AvgProductRelated_convert,SpecialDay,VisitorType,0.054883171657294644
Weekend,SpecialDay,AvgInformational_convert,0.017600598995037013
Revenue,Month,ExitRates_convert,0.06915299967633354
Month,BounceRates_convert,Revenue,0.07506583996595004
AvgProductRelated_convert,SpecialDay,Month,0.21234867675497257
ExitRates_convert,Browser,VisitorType,0.08209770781801554
Weekend,BounceRates_convert,Revenue,0.08012819050120149
AvgAdministrative_convert,BounceRates_convert,Revenue,0.07369875921609709
AvgAdministrative_convert,Month,VisitorType,0.10591531129421977
Region,VisitorType,TrafficType_convert,0.10075808112731668
TrafficType_convert,BounceRates_convert,PageValues_convert,0.061505555006233205
AvgInformational_convert,SpecialDay,Month,0.2231381692208173
OperatingSystems,Browser,Revenue,0.04113875137306585
Browser,OperatingSystems,Weekend,0.048321936314426765
TrafficType_convert,Region,Revenue,0.0400712615539192
SpecialDay,PageValues_convert,AvgProductRelated_convert,0.09702102231041015
AvgInformational_convert,ExitRates_convert,Revenue,0.05905818240957834
Revenue,AvgAdministrative_convert,AvgInformational_convert,0.05730504091052688
VisitorType,SpecialDay,Month,0.14541683949924628
Revenue,Region,AvgInformational_convert,0.027437782144658314
OperatingSystems,BounceRates_convert,PageValues_convert,0.050877914427019846
VisitorType,SpecialDay,AvgInformational_convert,0.023078582440035758
OperatingSystems,SpecialDay,TrafficType_convert,0.0887560351742005
Region,Weekend,PageValues_convert,0.037057636044703114
Browser,Month,TrafficType_convert,0.1440925025595261
Browser,ExitRates_convert,TrafficType_convert,0.10473558854623294
ExitRates_convert,Weekend,AvgInformational_convert,0.014790885812005258
BounceRates_convert,AvgAdministrative_convert,AvgProductRelated_convert,0.08815107889955516
VisitorType,Weekend,AvgProductRelated_convert,0.03725768479598201
Region,TrafficType_convert,Revenue,0.054596056204940374
AvgInformational_convert,PageValues_convert,Revenue,0.20891653665240895
AvgProductRelated_convert,ExitRates_convert,PageValues_convert,0.09993426570425848
SpecialDay,Region,VisitorType,0.05639524214757811
Browser,Region,VisitorType,0.06657101367072746
AvgInformational_convert,Browser,Region,0.1070395975819133
Weekend,SpecialDay,PageValues_convert,0.0253819497345397
PageValues_convert,Month,TrafficType_convert,0.14348282723311606
TrafficType_convert,Weekend,BounceRates_convert,0.04769874991763637
Weekend,OperatingSystems,PageValues_convert,0.056683010505110556
Revenue,AvgAdministrative_convert,AvgProductRelated_convert,0.05786829627416701
AvgInformational_convert,ExitRates_convert,TrafficType_convert,0.07284344076108644
OperatingSystems,AvgInformational_convert,Revenue,0.05280130088640173
TrafficType_convert,BounceRates_convert,AvgProductRelated_convert,0.17924711568767576
Weekend,SpecialDay,Region,0.018192678291165974
AvgInformational_convert,Browser,BounceRates_convert,0.033660749523581585
Weekend,AvgAdministrative_convert,Revenue,0.02615669799222839
AvgProductRelated_convert,Region,VisitorType,0.08635225334910544
BounceRates_convert,Browser,Region,0.12488397074930979
TrafficType_convert,OperatingSystems,BounceRates_convert,0.09669302717302095
Weekend,PageValues_convert,Revenue,0.2982238017155585
AvgAdministrative_convert,Weekend,AvgInformational_convert,0.03583371043054579
Revenue,OperatingSystems,Region,0.11624593250397026
Month,Region,VisitorType,0.0521813634026612
SpecialDay,VisitorType,TrafficType_convert,0.055809065591111165
PageValues_convert,Month,OperatingSystems,0.09152245402519668
Browser,SpecialDay,PageValues_convert,0.04207675730295404
Region,AvgInformational_convert,Revenue,0.06708680969261518
Month,BounceRates_convert,TrafficType_convert,0.09895343257446115
SpecialDay,PageValues_convert,Revenue,0.3381282735875789
SpecialDay,BounceRates_convert,AvgAdministrative_convert,0.06857131066883497
Region,Browser,VisitorType,0.07578963089684591
AvgAdministrative_convert,PageValues_convert,AvgProductRelated_convert,0.0899090275177905
TrafficType_convert,SpecialDay,Revenue,0.056458629635872316
ExitRates_convert,OperatingSystems,TrafficType_convert,0.13613060003010496
AvgProductRelated_convert,VisitorType,Weekend,0.039156420559177875
Month,AvgAdministrative_convert,AvgInformational_convert,0.0653480661532609
PageValues_convert,ExitRates_convert,Revenue,0.06869756331277223
VisitorType,Browser,AvgAdministrative_convert,0.0651804220397269
AvgProductRelated_convert,AvgInformational_convert,Revenue,0.07947805851485103
AvgInformational_convert,Browser,VisitorType,0.08530214681691048
TrafficType_convert,Browser,AvgProductRelated_convert,0.07525754367164607
SpecialDay,Month,AvgAdministrative_convert,0.026173609804378634
PageValues_convert,ExitRates_convert,TrafficType_convert,0.05763268866022078
TrafficType_convert,SpecialDay,Month,0.19854442755921953
TrafficType_convert,Month,OperatingSystems,0.10506627455811621
Region,Month,Browser,0.09252415110778604
AvgProductRelated_convert,Month,VisitorType,0.10142072576011398
Revenue,TrafficType_convert,AvgInformational_convert,0.039725710024307
Weekend,Region,AvgAdministrative_convert,0.019973957983304053
ExitRates_convert,AvgInformational_convert,AvgProductRelated_convert,0.02897846512648275
Revenue,Weekend,AvgProductRelated_convert,0.02856624317726119
VisitorType,ExitRates_convert,AvgAdministrative_convert,0.08514978963266731
AvgAdministrative_convert,Region,Weekend,0.033325167327580105
AvgProductRelated_convert,Weekend,ExitRates_convert,0.03720181563478561
Revenue,Month,Browser,0.09166015771263056
TrafficType_convert,Region,PageValues_convert,0.04426396455548624
Browser,ExitRates_convert,Revenue,0.10204896523550956
TrafficType_convert,SpecialDay,Weekend,0.15513416618789155
AvgInformational_convert,Month,BounceRates_convert,0.03464614250443809
ExitRates_convert,Browser,Revenue,0.0408122919481331
Region,BounceRates_convert,ExitRates_convert,0.3699698029095411
SpecialDay,Browser,TrafficType_convert,0.1553546848507426
Weekend,Region,PageValues_convert,0.0218511507064409
Weekend,ExitRates_convert,AvgAdministrative_convert,0.07698019353723896
SpecialDay,BounceRates_convert,ExitRates_convert,0.35226671252803576
Weekend,VisitorType,ExitRates_convert,0.10651569129408768
TrafficType_convert,AvgInformational_convert,Revenue,0.07516715674944285
Revenue,Browser,Region,0.08922166942086143
Region,OperatingSystems,PageValues_convert,0.06455183279379059
Weekend,Region,AvgInformational_convert,0.02091763918874763
TrafficType_convert,BounceRates_convert,AvgInformational_convert,0.053830224916084676
BounceRates_convert,VisitorType,TrafficType_convert,0.0990001493160399
AvgInformational_convert,OperatingSystems,TrafficType_convert,0.11427429372143569
PageValues_convert,AvgInformational_convert,AvgProductRelated_convert,0.07871938777223644
AvgProductRelated_convert,VisitorType,BounceRates_convert,0.06890374609067386
AvgInformational_convert,SpecialDay,ExitRates_convert,0.11856575801920019
AvgProductRelated_convert,OperatingSystems,Browser,0.2564885989030553
Revenue,SpecialDay,BounceRates_convert,0.04489487156302473
OperatingSystems,SpecialDay,ExitRates_convert,0.09448204509141256
Weekend,SpecialDay,VisitorType,0.042163864935216136
Month,Browser,VisitorType,0.07106482898810117
VisitorType,OperatingSystems,Weekend,0.07649571715423259
Browser,BounceRates_convert,AvgInformational_convert,0.0475792755947739
Revenue,ExitRates_convert,PageValues_convert,0.08927959304163485
Browser,BounceRates_convert,ExitRates_convert,0.28523812750492467
AvgAdministrative_convert,SpecialDay,Month,0.20329131596088326
TrafficType_convert,ExitRates_convert,AvgAdministrative_convert,0.09793241922041779
OperatingSystems,SpecialDay,PageValues_convert,0.03978040514873915
ExitRates_convert,SpecialDay,AvgAdministrative_convert,0.031125710309121493
TrafficType_convert,Browser,Region,0.0992143137129824
Region,Browser,TrafficType_convert,0.10966887800104988
Month,BounceRates_convert,AvgInformational_convert,0.051004836391425494
OperatingSystems,AvgInformational_convert,AvgProductRelated_convert,0.06068488858427376
Revenue,VisitorType,TrafficType_convert,0.12806213186343166
SpecialDay,VisitorType,BounceRates_convert,0.048706212441003385
VisitorType,AvgAdministrative_convert,AvgInformational_convert,0.07096962492052426
Browser,PageValues_convert,AvgInformational_convert,0.05305833930348539
ExitRates_convert,Region,AvgAdministrative_convert,0.04094035826032899
VisitorType,OperatingSystems,BounceRates_convert,0.08913023631063396
VisitorType,PageValues_convert,Revenue,0.32270270837708526
BounceRates_convert,Browser,PageValues_convert,0.028750839659200604
TrafficType_convert,SpecialDay,AvgInformational_convert,0.031214908119521777
AvgInformational_convert,OperatingSystems,VisitorType,0.09803960100121321
ExitRates_convert,Month,TrafficType_convert,0.15629943500696902
Region,BounceRates_convert,AvgProductRelated_convert,0.17332308276766162
VisitorType,Month,TrafficType_convert,0.13963312557092258
BounceRates_convert,SpecialDay,VisitorType,0.045105430953923206
Weekend,AvgInformational_convert,AvgProductRelated_convert,0.06137331145449827
BounceRates_convert,Browser,Weekend,0.06937042592132897
Browser,VisitorType,BounceRates_convert,0.06382595696651236
BounceRates_convert,OperatingSystems,Region,0.12462389656028407
AvgInformational_convert,OperatingSystems,BounceRates_convert,0.054629875753337914
AvgInformational_convert,VisitorType,PageValues_convert,0.06237821392955948
BounceRates_convert,Browser,AvgAdministrative_convert,0.06769854401593758
OperatingSystems,Browser,VisitorType,0.05796889699925758
VisitorType,ExitRates_convert,AvgProductRelated_convert,0.17399756127002614
SpecialDay,Browser,Region,0.11330813276402504
Region,VisitorType,Weekend,0.04576779236155399
PageValues_convert,Weekend,BounceRates_convert,0.02723762248427087
VisitorType,PageValues_convert,AvgProductRelated_convert,0.0977153601252085
AvgAdministrative_convert,BounceRates_convert,PageValues_convert,0.04186361580218181
Revenue,VisitorType,AvgProductRelated_convert,0.03629959110412317
VisitorType,SpecialDay,Weekend,0.1038721188455152
Browser,SpecialDay,TrafficType_convert,0.09733197867509571
Weekend,AvgAdministrative_convert,AvgProductRelated_convert,0.06129861351360934
AvgInformational_convert,SpecialDay,VisitorType,0.06263163331636576
BounceRates_convert,Month,VisitorType,0.11101428846854927
Region,Weekend,AvgInformational_convert,0.04229155257260297
BounceRates_convert,SpecialDay,AvgInformational_convert,0.013719447012035164
AvgAdministrative_convert,AvgInformational_convert,AvgProductRelated_convert,0.07802065677649479
AvgAdministrative_convert,Month,TrafficType_convert,0.15007963781883232
Revenue,PageValues_convert,AvgAdministrative_convert,0.023050913998525994
AvgAdministrative_convert,ExitRates_convert,TrafficType_convert,0.09023231990013406
Region,Month,Weekend,0.03524642604122444
BounceRates_convert,Weekend,PageValues_convert,0.018869469998544275
ExitRates_convert,SpecialDay,TrafficType_convert,0.11282203837902591
ExitRates_convert,Browser,PageValues_convert,0.03235814454555963
Region,PageValues_convert,AvgProductRelated_convert,0.08008051955729151
Month,OperatingSystems,ExitRates_convert,0.10736833752541379
AvgInformational_convert,OperatingSystems,Region,0.11318967171509524
AvgInformational_convert,Month,TrafficType_convert,0.16696629072231145
VisitorType,SpecialDay,Revenue,0.036225791176626054
Revenue,BounceRates_convert,ExitRates_convert,0.37846497696449244
BounceRates_convert,OperatingSystems,Weekend,0.05864776795256782
PageValues_convert,Weekend,TrafficType_convert,0.05022008151873521
Month,PageValues_convert,AvgProductRelated_convert,0.08010830261807173
Browser,BounceRates_convert,AvgAdministrative_convert,0.06327816655152485
ExitRates_convert,SpecialDay,AvgInformational_convert,0.016891329037393425
AvgInformational_convert,Month,VisitorType,0.09380453828567539
TrafficType_convert,PageValues_convert,AvgProductRelated_convert,0.07025098140548697
Month,Weekend,PageValues_convert,0.04201865704335587
ExitRates_convert,PageValues_convert,Revenue,0.14625930234068266
AvgAdministrative_convert,Browser,TrafficType_convert,0.12943864408628733
VisitorType,SpecialDay,TrafficType_convert,0.056984600718245286
Month,Weekend,BounceRates_convert,0.046666454405509414
VisitorType,OperatingSystems,TrafficType_convert,0.15506189136751267
BounceRates_convert,Region,PageValues_convert,0.027599966481243837
Browser,AvgAdministrative_convert,AvgProductRelated_convert,0.0874814637661005
AvgProductRelated_convert,SpecialDay,Revenue,0.0504054541425295
PageValues_convert,SpecialDay,Weekend,0.13380157401663795
Region,VisitorType,PageValues_convert,0.0645201798082692
VisitorType,SpecialDay,Browser,0.025470817952722817
Weekend,VisitorType,PageValues_convert,0.0494540808144462
Browser,BounceRates_convert,PageValues_convert,0.05375779522159307
Month,BounceRates_convert,AvgAdministrative_convert,0.0686416321422479
Region,SpecialDay,VisitorType,0.06505453510477918
Browser,PageValues_convert,AvgProductRelated_convert,0.08911736104404099
Weekend,PageValues_convert,AvgAdministrative_convert,0.027218789718087853
AvgInformational_convert,TrafficType_convert,Revenue,0.07529196171646509
SpecialDay,VisitorType,AvgProductRelated_convert,0.04447995096271999
Revenue,SpecialDay,VisitorType,0.04758283666732239
VisitorType,SpecialDay,AvgAdministrative_convert,0.022953014459886494
Browser,SpecialDay,VisitorType,0.04761266014600106
AvgAdministrative_convert,VisitorType,ExitRates_convert,0.10257972731470591
AvgProductRelated_convert,SpecialDay,Weekend,0.13572180422738056
AvgAdministrative_convert,Weekend,Revenue,0.012166997295562237
Revenue,SpecialDay,OperatingSystems,0.052857650494510314
Region,ExitRates_convert,AvgAdministrative_convert,0.08420118983814338
Month,VisitorType,AvgAdministrative_convert,0.053393504829810215
PageValues_convert,SpecialDay,Revenue,0.05765028669627509
AvgProductRelated_convert,BounceRates_convert,TrafficType_convert,0.12721462220117657
Browser,Weekend,AvgInformational_convert,0.046210800729879306
AvgProductRelated_convert,Month,Browser,0.11791753979307548
VisitorType,SpecialDay,PageValues_convert,0.027544503211018503
Browser,AvgInformational_convert,Revenue,0.07213158500229629
VisitorType,OperatingSystems,Browser,0.25391613339758284
ExitRates_convert,SpecialDay,BounceRates_convert,0.059154759141326535
PageValues_convert,Month,BounceRates_convert,0.04266937780215576
Region,Browser,AvgInformational_convert,0.048529811573733414
PageValues_convert,Browser,VisitorType,0.1188450419097366
OperatingSystems,SpecialDay,AvgAdministrative_convert,0.039270366601732935
Region,BounceRates_convert,AvgInformational_convert,0.05141327005272453
Revenue,OperatingSystems,ExitRates_convert,0.107709644520783
AvgProductRelated_convert,OperatingSystems,Weekend,0.07890872716801788
TrafficType_convert,BounceRates_convert,AvgAdministrative_convert,0.07508607674377539
Region,PageValues_convert,Revenue,0.30687022960071375
Weekend,Region,BounceRates_convert,0.022427448991996963
Weekend,ExitRates_convert,Revenue,0.10426962543706092
Region,AvgAdministrative_convert,AvgProductRelated_convert,0.07520330708902544
BounceRates_convert,VisitorType,AvgProductRelated_convert,0.048950597896058726
ExitRates_convert,Browser,Region,0.09796491226109515
TrafficType_convert,Region,VisitorType,0.09049539478638935
AvgAdministrative_convert,Weekend,TrafficType_convert,0.0534357224797565
Weekend,VisitorType,AvgAdministrative_convert,0.043423344038242356
Weekend,OperatingSystems,Browser,0.3245995133223861
Weekend,Browser,ExitRates_convert,0.05763703979172562
AvgInformational_convert,Browser,TrafficType_convert,0.11124729583089138
ExitRates_convert,OperatingSystems,PageValues_convert,0.03508657008704042
Weekend,Browser,Region,0.09315373276620026
ExitRates_convert,PageValues_convert,AvgProductRelated_convert,0.03532696238542808
TrafficType_convert,Weekend,PageValues_convert,0.028674893959199876
Region,Month,Revenue,0.054746047942035504
Revenue,SpecialDay,TrafficType_convert,0.10032770764185484
ExitRates_convert,AvgAdministrative_convert,AvgInformational_convert,0.040361897379064475
TrafficType_convert,VisitorType,Revenue,0.04420636574748321
VisitorType,Browser,Weekend,0.06851502571945078
ExitRates_convert,OperatingSystems,BounceRates_convert,0.08330307056904476
OperatingSystems,BounceRates_convert,AvgProductRelated_convert,0.1592373893286664
ExitRates_convert,SpecialDay,PageValues_convert,0.01925136269114128
Weekend,TrafficType_convert,AvgProductRelated_convert,0.04223516819366309
Revenue,Region,AvgProductRelated_convert,0.02771935780419915
PageValues_convert,OperatingSystems,Region,0.08948172024743611
AvgProductRelated_convert,Weekend,Revenue,0.02105516680101874
AvgInformational_convert,VisitorType,Revenue,0.04156823681335999
Revenue,Month,VisitorType,0.1045101596281815
Revenue,BounceRates_convert,AvgProductRelated_convert,0.15955797874461325
Month,SpecialDay,PageValues_convert,0.021366060698612223
BounceRates_convert,OperatingSystems,PageValues_convert,0.03553129217001589
Weekend,Browser,AvgAdministrative_convert,0.04670449470019976
SpecialDay,Weekend,PageValues_convert,0.0028733357773714635
ExitRates_convert,Month,AvgInformational_convert,0.027165603637788284
PageValues_convert,OperatingSystems,Browser,0.22753799426838994
PageValues_convert,AvgInformational_convert,Revenue,0.08153356831174792
Month,Browser,Region,0.09288044789680797
ExitRates_convert,AvgAdministrative_convert,Revenue,0.03351172065090217
OperatingSystems,PageValues_convert,Revenue,0.25393363475320707
Weekend,Browser,AvgInformational_convert,0.033180440999384345
PageValues_convert,BounceRates_convert,AvgProductRelated_convert,0.050416495424650924
SpecialDay,ExitRates_convert,Revenue,0.08553452559457952
AvgProductRelated_convert,BounceRates_convert,ExitRates_convert,0.3268874620239416
ExitRates_convert,Region,PageValues_convert,0.029515692377556135
PageValues_convert,OperatingSystems,TrafficType_convert,0.086095580420282
Weekend,BounceRates_convert,PageValues_convert,0.0619105194147944
ExitRates_convert,TrafficType_convert,Revenue,0.0486534801960916
BounceRates_convert,TrafficType_convert,AvgInformational_convert,0.02512613425307861
AvgAdministrative_convert,OperatingSystems,BounceRates_convert,0.11165822116360073
SpecialDay,TrafficType_convert,Revenue,0.05125664514376375
Weekend,BounceRates_convert,AvgAdministrative_convert,0.05623320822074953
TrafficType_convert,Month,BounceRates_convert,0.06840138396376627
ExitRates_convert,Weekend,AvgAdministrative_convert,0.021759853673292955
BounceRates_convert,Month,PageValues_convert,0.035667370211831
ExitRates_convert,OperatingSystems,Region,0.1084914436960608
TrafficType_convert,VisitorType,PageValues_convert,0.05190091207610302
Month,AvgInformational_convert,Revenue,0.06664193518484916
Browser,SpecialDay,BounceRates_convert,0.06998899374578642
Weekend,Month,Revenue,0.05658715234497166
Browser,ExitRates_convert,PageValues_convert,0.104323041023395
AvgAdministrative_convert,Month,Revenue,0.08064597170741722
AvgProductRelated_convert,Browser,Region,0.11442504667846377
Month,BounceRates_convert,PageValues_convert,0.06501057989510456
Browser,VisitorType,TrafficType_convert,0.06608966887674511
Region,OperatingSystems,Weekend,0.07058810441342979
Region,Month,VisitorType,0.09832858507026974
Revenue,Browser,AvgProductRelated_convert,0.07494420350965003
Revenue,ExitRates_convert,AvgProductRelated_convert,0.168817636278573
Month,OperatingSystems,Revenue,0.04949071750484612
ExitRates_convert,OperatingSystems,AvgAdministrative_convert,0.07138192019676348
Region,OperatingSystems,AvgAdministrative_convert,0.06601947230672753
AvgProductRelated_convert,OperatingSystems,VisitorType,0.12624954905358365
VisitorType,BounceRates_convert,AvgAdministrative_convert,0.059836231138990066
Revenue,BounceRates_convert,TrafficType_convert,0.10917708061235565
OperatingSystems,BounceRates_convert,Revenue,0.07396024520369719
BounceRates_convert,SpecialDay,Weekend,0.15665302781577542
AvgInformational_convert,SpecialDay,BounceRates_convert,0.033909191036619324
OperatingSystems,SpecialDay,AvgInformational_convert,0.03749641059993056
Browser,VisitorType,Revenue,0.06486016367647016
Region,Browser,Revenue,0.04529246954744059
ExitRates_convert,Browser,AvgAdministrative_convert,0.03932608268463052
TrafficType_convert,Browser,PageValues_convert,0.04531775083913908
AvgAdministrative_convert,SpecialDay,Revenue,0.07410171453266748
Weekend,AvgInformational_convert,Revenue,0.05608606179027487
ExitRates_convert,SpecialDay,Month,0.22099671735163195
Month,VisitorType,BounceRates_convert,0.07672171022925506
Weekend,SpecialDay,AvgAdministrative_convert,0.026689855903311625
PageValues_convert,Weekend,Revenue,0.03319549057267249
Region,AvgAdministrative_convert,AvgInformational_convert,0.08432191648658446
PageValues_convert,OperatingSystems,VisitorType,0.12073543882466035
AvgProductRelated_convert,ExitRates_convert,AvgAdministrative_convert,0.0993133719283533
OperatingSystems,Weekend,PageValues_convert,0.043164944344276486
ExitRates_convert,Region,VisitorType,0.0603235982479408
ExitRates_convert,OperatingSystems,AvgInformational_convert,0.03156992168570055
BounceRates_convert,Weekend,Revenue,0.04868427303411391
SpecialDay,Month,PageValues_convert,0.034138460841203054
Weekend,Month,AvgAdministrative_convert,0.032073707388121264
ExitRates_convert,SpecialDay,VisitorType,0.034127998392797135
Revenue,VisitorType,PageValues_convert,0.06621780087470253
Browser,SpecialDay,OperatingSystems,0.03250123215972346
Revenue,SpecialDay,Month,0.22500582811827483
Weekend,Month,AvgInformational_convert,0.02924993857554936
OperatingSystems,Browser,AvgProductRelated_convert,0.056886251221025703
PageValues_convert,TrafficType_convert,Revenue,0.050732327202315686
Revenue,VisitorType,Weekend,0.04332211296369885
AvgProductRelated_convert,SpecialDay,PageValues_convert,0.04328397799187389
BounceRates_convert,OperatingSystems,VisitorType,0.1231293110156329
AvgAdministrative_convert,Weekend,ExitRates_convert,0.0414248511212066
TrafficType_convert,Weekend,AvgAdministrative_convert,0.04960588486176171
BounceRates_convert,Month,TrafficType_convert,0.15593837940406013
Weekend,Month,Region,0.03167856236318041
Weekend,ExitRates_convert,PageValues_convert,0.10169034346231866
Revenue,BounceRates_convert,PageValues_convert,0.08731923661671066
OperatingSystems,Weekend,AvgInformational_convert,0.03192749251375558
Weekend,SpecialDay,AvgProductRelated_convert,0.025339973308532833
TrafficType_convert,VisitorType,ExitRates_convert,0.12024702422735442
Weekend,Browser,TrafficType_convert,0.11633534042911174
PageValues_convert,Weekend,AvgProductRelated_convert,0.04332722672706564
PageValues_convert,SpecialDay,VisitorType,0.057074723675687736
AvgAdministrative_convert,SpecialDay,VisitorType,0.0649239917761142
TrafficType_convert,OperatingSystems,Browser,0.24155856829015881
BounceRates_convert,VisitorType,ExitRates_convert,0.10624387107460115
ExitRates_convert,Browser,TrafficType_convert,0.1349786885716997
Revenue,Browser,TrafficType_convert,0.12111124537441981
OperatingSystems,Browser,PageValues_convert,0.040047312842205716
PageValues_convert,Browser,AvgProductRelated_convert,0.08319842008001933
AvgProductRelated_convert,Browser,TrafficType_convert,0.129380823469163
Browser,VisitorType,Weekend,0.04028710561650439
VisitorType,AvgAdministrative_convert,AvgProductRelated_convert,0.08685105318724079
BounceRates_convert,SpecialDay,TrafficType_convert,0.13244158134052564
Revenue,ExitRates_convert,AvgAdministrative_convert,0.06970442374802813
ExitRates_convert,OperatingSystems,VisitorType,0.0913956941907799
Region,ExitRates_convert,AvgInformational_convert,0.07659529635790605
Weekend,SpecialDay,Month,0.15822861617460177
SpecialDay,OperatingSystems,Revenue,0.046056252668327836
Month,ExitRates_convert,AvgProductRelated_convert,0.18436894235041473
Region,Weekend,TrafficType_convert,0.04918471976968732
PageValues_convert,Region,Weekend,0.043955310287938844
Region,BounceRates_convert,Revenue,0.07841897897412374
SpecialDay,ExitRates_convert,AvgProductRelated_convert,0.19884862088535782
Month,Weekend,TrafficType_convert,0.0539586019355913
Month,AvgAdministrative_convert,AvgProductRelated_convert,0.08796962573416228
BounceRates_convert,ExitRates_convert,AvgAdministrative_convert,0.08680696094121362
BounceRates_convert,SpecialDay,Revenue,0.0404973229231815
ExitRates_convert,BounceRates_convert,TrafficType_convert,0.083565534790904
AvgAdministrative_convert,BounceRates_convert,AvgInformational_convert,0.03837361382310997
Browser,SpecialDay,ExitRates_convert,0.10598683289129823
Revenue,Weekend,ExitRates_convert,0.045272655640628004
OperatingSystems,Browser,AvgAdministrative_convert,0.055520716589750795
Revenue,PageValues_convert,AvgInformational_convert,0.052574533186108656
VisitorType,AvgProductRelated_convert,Revenue,0.07994213226388089
Weekend,PageValues_convert,TrafficType_convert,0.04015422772373164
ExitRates_convert,BounceRates_convert,AvgProductRelated_convert,0.07651349105670902
TrafficType_convert,Month,Browser,0.10140721950635799
AvgAdministrative_convert,ExitRates_convert,PageValues_convert,0.08454269551825924
AvgAdministrative_convert,ExitRates_convert,AvgProductRelated_convert,0.12033120490779789
Weekend,Month,AvgProductRelated_convert,0.04090770868380611
PageValues_convert,ExitRates_convert,AvgProductRelated_convert,0.08913635371101612
AvgAdministrative_convert,AvgInformational_convert,Revenue,0.06126756864686436
AvgAdministrative_convert,OperatingSystems,Browser,0.27528408373285307
Browser,ExitRates_convert,AvgInformational_convert,0.06745982329993715
AvgInformational_convert,Weekend,Revenue,0.040551995647692116
Region,Month,TrafficType_convert,0.13870062445146225
Weekend,PageValues_convert,AvgInformational_convert,0.04269707087112554
AvgAdministrative_convert,PageValues_convert,Revenue,0.28739493514936093
OperatingSystems,Month,TrafficType_convert,0.14112562293392567
BounceRates_convert,VisitorType,Weekend,0.05558530914097098
BounceRates_convert,ExitRates_convert,TrafficType_convert,0.09270697910541845
VisitorType,Month,Revenue,0.04536338772111319
AvgAdministrative_convert,VisitorType,Weekend,0.047876026295451304
Region,OperatingSystems,BounceRates_convert,0.10698425966480479
AvgProductRelated_convert,Weekend,PageValues_convert,0.02786547963351649
Revenue,SpecialDay,ExitRates_convert,0.06041840819660714
Month,TrafficType_convert,Revenue,0.05879262018692779
AvgAdministrative_convert,Browser,Weekend,0.057518763968957734
Browser,OperatingSystems,BounceRates_convert,0.054413499823215965
Weekend,BounceRates_convert,TrafficType_convert,0.07533749958981029
OperatingSystems,SpecialDay,BounceRates_convert,0.05289854805362045
OperatingSystems,BounceRates_convert,TrafficType_convert,0.11083325912584255
ExitRates_convert,Weekend,PageValues_convert,0.01827483992644467
Revenue,Region,AvgAdministrative_convert,0.022047944846829322
ExitRates_convert,AvgAdministrative_convert,TrafficType_convert,0.03943668255005721
Region,ExitRates_convert,Revenue,0.10097811822320574
ExitRates_convert,Weekend,TrafficType_convert,0.05248680330499041
BounceRates_convert,AvgProductRelated_convert,Revenue,0.04524222826018255
AvgProductRelated_convert,Weekend,TrafficType_convert,0.05061554732161845
Browser,Month,OperatingSystems,0.04726091755863104
BounceRates_convert,OperatingSystems,TrafficType_convert,0.13917467869823527
Region,AvgProductRelated_convert,Revenue,0.06400875107743226
AvgProductRelated_convert,AvgAdministrative_convert,AvgInformational_convert,0.07787032272275511
TrafficType_convert,Weekend,Revenue,0.03863966384418276
PageValues_convert,Browser,AvgAdministrative_convert,0.05864640392147753
Revenue,Browser,Weekend,0.052400524943670576
PageValues_convert,BounceRates_convert,TrafficType_convert,0.042672277869897676
Browser,OperatingSystems,ExitRates_convert,0.05696461405317744
OperatingSystems,Browser,AvgInformational_convert,0.036016994516148905
SpecialDay,ExitRates_convert,AvgAdministrative_convert,0.08840249198405802
AvgInformational_convert,ExitRates_convert,AvgProductRelated_convert,0.1088348545496482
BounceRates_convert,SpecialDay,Month,0.23025902670810477
Weekend,VisitorType,AvgInformational_convert,0.028073243844401387
VisitorType,SpecialDay,OperatingSystems,0.050018379928757996
ExitRates_convert,TrafficType_convert,AvgInformational_convert,0.026081863510345818
Revenue,OperatingSystems,VisitorType,0.1502319826409564
SpecialDay,BounceRates_convert,AvgInformational_convert,0.06654355723059875
VisitorType,Weekend,Revenue,0.020190121021813584
Month,OperatingSystems,Weekend,0.06939736159694922
Browser,Weekend,Revenue,0.04530395956137021
Revenue,VisitorType,BounceRates_convert,0.07514020393935689
Region,OperatingSystems,Browser,0.243731801987507
AvgAdministrative_convert,Browser,Region,0.10026363980157818
Month,ExitRates_convert,PageValues_convert,0.10378750565819758
AvgProductRelated_convert,VisitorType,TrafficType_convert,0.12602114551925592
OperatingSystems,ExitRates_convert,AvgInformational_convert,0.0641603298738922
VisitorType,Region,AvgAdministrative_convert,0.047439092175314904
AvgAdministrative_convert,SpecialDay,Weekend,0.14159098971586961
ExitRates_convert,Month,AvgAdministrative_convert,0.04366404130225498
OperatingSystems,Browser,ExitRates_convert,0.05363360390022245
VisitorType,BounceRates_convert,TrafficType_convert,0.12392674809900622
PageValues_convert,Month,Revenue,0.06849481042312834
Region,Weekend,AvgAdministrative_convert,0.03447420515695715
Revenue,Region,ExitRates_convert,0.042688163375466326
SpecialDay,ExitRates_convert,PageValues_convert,0.11737345677499086
AvgProductRelated_convert,SpecialDay,TrafficType_convert,0.13097569986228075
Region,Browser,Weekend,0.06108380203199548
OperatingSystems,ExitRates_convert,Revenue,0.10974188758213273
AvgProductRelated_convert,SpecialDay,ExitRates_convert,0.11849509065502258
Month,BounceRates_convert,AvgProductRelated_convert,0.1726666354762178
PageValues_convert,ExitRates_convert,AvgInformational_convert,0.05886515420049582
BounceRates_convert,Browser,TrafficType_convert,0.14476816234753614
Region,AvgAdministrative_convert,Revenue,0.04182444564487684
AvgInformational_convert,Weekend,ExitRates_convert,0.03617470073986869
Region,OperatingSystems,ExitRates_convert,0.09469017642925433
TrafficType_convert,OperatingSystems,Weekend,0.07535218222020279
Revenue,VisitorType,AvgInformational_convert,0.03910537605738074
VisitorType,ExitRates_convert,AvgInformational_convert,0.08227184357705082
Browser,OperatingSystems,AvgProductRelated_convert,0.05155143764967969
OperatingSystems,Month,Browser,0.06029742177349723
BounceRates_convert,Browser,VisitorType,0.09001460752677402
PageValues_convert,Weekend,ExitRates_convert,0.03863327392523216
OperatingSystems,PageValues_convert,AvgProductRelated_convert,0.08110027795981085
AvgAdministrative_convert,AvgProductRelated_convert,Revenue,0.059522699396399814
AvgProductRelated_convert,Month,Revenue,0.0736516822871588
TrafficType_convert,OperatingSystems,Region,0.110836254260363
Weekend,VisitorType,Revenue,0.03907210170068535
Revenue,Month,AvgInformational_convert,0.02761935122161528
ExitRates_convert,Weekend,AvgProductRelated_convert,0.03159217338976731
AvgProductRelated_convert,ExitRates_convert,AvgInformational_convert,0.08163461954876157
Weekend,VisitorType,AvgProductRelated_convert,0.037277527293728366
Revenue,ExitRates_convert,TrafficType_convert,0.09909673591257048
PageValues_convert,SpecialDay,Month,0.1940127202958978
VisitorType,OperatingSystems,ExitRates_convert,0.09174279902973961
Weekend,Region,TrafficType_convert,0.041170219707075406
AvgAdministrative_convert,OperatingSystems,TrafficType_convert,0.1601112604564612
AvgProductRelated_convert,ExitRates_convert,Revenue,0.09208776884606706
Revenue,Month,Region,0.039718909175955
Month,Browser,TrafficType_convert,0.11483365517456423
Browser,BounceRates_convert,TrafficType_convert,0.10705346636856973
AvgInformational_convert,Month,OperatingSystems,0.10422674764715478
Browser,BounceRates_convert,Revenue,0.0756009665336392
AvgAdministrative_convert,VisitorType,TrafficType_convert,0.1334425899336085
ExitRates_convert,Region,AvgInformational_convert,0.022298618156874627
Browser,VisitorType,ExitRates_convert,0.10332215094097812
ExitRates_convert,Browser,Weekend,0.055455112672332676
OperatingSystems,VisitorType,TrafficType_convert,0.09581113129802799
Browser,Month,VisitorType,0.07688851471903639
PageValues_convert,Browser,TrafficType_convert,0.10506049577198881
Revenue,SpecialDay,AvgProductRelated_convert,0.039690538139856464
BounceRates_convert,ExitRates_convert,Revenue,0.07566130493217367
Revenue,Region,VisitorType,0.09790816732294938
Month,Weekend,Revenue,0.020254183667291918
Region,BounceRates_convert,AvgAdministrative_convert,0.062465829598923994
OperatingSystems,SpecialDay,Browser,0.03635266059488612
PageValues_convert,OperatingSystems,Weekend,0.058372660792147014
Revenue,Browser,VisitorType,0.13167986099774565
BounceRates_convert,SpecialDay,ExitRates_convert,0.08389202787074294
TrafficType_convert,PageValues_convert,Revenue,0.25090914005954595
Weekend,Browser,AvgProductRelated_convert,0.06848122935503248
PageValues_convert,OperatingSystems,Revenue,0.048721958336190536
Browser,OperatingSystems,AvgInformational_convert,0.022093154548863986
AvgAdministrative_convert,TrafficType_convert,Revenue,0.05288932657797344
VisitorType,BounceRates_convert,PageValues_convert,0.06943567227121247
Weekend,OperatingSystems,TrafficType_convert,0.1275506205113044
Weekend,VisitorType,TrafficType_convert,0.09713942177417809
Month,VisitorType,AvgInformational_convert,0.048661115366716814
